<?xml version="1.0" encoding="UTF-8"?>
<root>
  <item name="com.okhttplib.HttpInfo int getRequestType()">
    <annotation name="android.support.annotation.IntDef">
      <val name="value" val="{com.okhttplib.annotation.RequestType.POST, com.okhttplib.annotation.RequestType.GET, com.okhttplib.annotation.RequestType.PUT, com.okhttplib.annotation.RequestType.DELETE}" />
    </annotation>
  </item>
  <item name="com.okhttplib.HttpInfo requestEncoding">
    <annotation name="android.support.annotation.StringDef">
      <val name="value" val="{com.okhttplib.annotation.Encoding.ISO_8859_1, com.okhttplib.annotation.Encoding.UTF_8, com.okhttplib.annotation.Encoding.GBK, com.okhttplib.annotation.Encoding.GBK18030}" />
    </annotation>
  </item>
  <item name="com.okhttplib.HttpInfo requestType">
    <annotation name="android.support.annotation.IntDef">
      <val name="value" val="{com.okhttplib.annotation.RequestType.POST, com.okhttplib.annotation.RequestType.GET, com.okhttplib.annotation.RequestType.PUT, com.okhttplib.annotation.RequestType.DELETE}" />
    </annotation>
  </item>
  <item name="com.okhttplib.HttpInfo responseEncoding">
    <annotation name="android.support.annotation.StringDef">
      <val name="value" val="{com.okhttplib.annotation.Encoding.ISO_8859_1, com.okhttplib.annotation.Encoding.UTF_8, com.okhttplib.annotation.Encoding.GBK, com.okhttplib.annotation.Encoding.GBK18030}" />
    </annotation>
  </item>
  <item name="com.okhttplib.HttpInfo.Builder com.okhttplib.HttpInfo.Builder setRequestEncoding(java.lang.String) 0">
    <annotation name="android.support.annotation.StringDef">
      <val name="value" val="{com.okhttplib.annotation.Encoding.ISO_8859_1, com.okhttplib.annotation.Encoding.UTF_8, com.okhttplib.annotation.Encoding.GBK, com.okhttplib.annotation.Encoding.GBK18030}" />
    </annotation>
  </item>
  <item name="com.okhttplib.HttpInfo.Builder com.okhttplib.HttpInfo.Builder setRequestType(int) 0">
    <annotation name="android.support.annotation.IntDef">
      <val name="value" val="{com.okhttplib.annotation.RequestType.POST, com.okhttplib.annotation.RequestType.GET, com.okhttplib.annotation.RequestType.PUT, com.okhttplib.annotation.RequestType.DELETE}" />
    </annotation>
  </item>
  <item name="com.okhttplib.HttpInfo.Builder com.okhttplib.HttpInfo.Builder setResponseEncoding(java.lang.String) 0">
    <annotation name="android.support.annotation.StringDef">
      <val name="value" val="{com.okhttplib.annotation.Encoding.ISO_8859_1, com.okhttplib.annotation.Encoding.UTF_8, com.okhttplib.annotation.Encoding.GBK, com.okhttplib.annotation.Encoding.GBK18030}" />
    </annotation>
  </item>
  <item name="com.okhttplib.HttpInfo.Builder requestEncoding">
    <annotation name="android.support.annotation.StringDef">
      <val name="value" val="{com.okhttplib.annotation.Encoding.ISO_8859_1, com.okhttplib.annotation.Encoding.UTF_8, com.okhttplib.annotation.Encoding.GBK, com.okhttplib.annotation.Encoding.GBK18030}" />
    </annotation>
  </item>
  <item name="com.okhttplib.HttpInfo.Builder requestType">
    <annotation name="android.support.annotation.IntDef">
      <val name="value" val="{com.okhttplib.annotation.RequestType.POST, com.okhttplib.annotation.RequestType.GET, com.okhttplib.annotation.RequestType.PUT, com.okhttplib.annotation.RequestType.DELETE}" />
    </annotation>
  </item>
  <item name="com.okhttplib.HttpInfo.Builder responseEncoding">
    <annotation name="android.support.annotation.StringDef">
      <val name="value" val="{com.okhttplib.annotation.Encoding.ISO_8859_1, com.okhttplib.annotation.Encoding.UTF_8, com.okhttplib.annotation.Encoding.GBK, com.okhttplib.annotation.Encoding.GBK18030}" />
    </annotation>
  </item>
  <item name="com.okhttplib.OkHttpUtil cacheType">
    <annotation name="android.support.annotation.IntDef">
      <val name="value" val="{com.okhttplib.annotation.CacheType.FORCE_NETWORK, com.okhttplib.annotation.CacheType.FORCE_CACHE, com.okhttplib.annotation.CacheType.NETWORK_THEN_CACHE, com.okhttplib.annotation.CacheType.CACHE_THEN_NETWORK}" />
    </annotation>
  </item>
  <item name="com.okhttplib.OkHttpUtil.Builder cacheType">
    <annotation name="android.support.annotation.IntDef">
      <val name="value" val="{com.okhttplib.annotation.CacheType.FORCE_NETWORK, com.okhttplib.annotation.CacheType.FORCE_CACHE, com.okhttplib.annotation.CacheType.NETWORK_THEN_CACHE, com.okhttplib.annotation.CacheType.CACHE_THEN_NETWORK}" />
    </annotation>
  </item>
  <item name="com.okhttplib.OkHttpUtil.Builder com.okhttplib.OkHttpUtil.Builder setCacheType(int) 0">
    <annotation name="android.support.annotation.IntDef">
      <val name="value" val="{com.okhttplib.annotation.CacheType.FORCE_NETWORK, com.okhttplib.annotation.CacheType.FORCE_CACHE, com.okhttplib.annotation.CacheType.NETWORK_THEN_CACHE, com.okhttplib.annotation.CacheType.CACHE_THEN_NETWORK}" />
    </annotation>
  </item>
  <item name="com.okhttplib.OkHttpUtil.Builder com.okhttplib.OkHttpUtil.Builder setRequestEncoding(java.lang.String) 0">
    <annotation name="android.support.annotation.StringDef">
      <val name="value" val="{com.okhttplib.annotation.Encoding.ISO_8859_1, com.okhttplib.annotation.Encoding.UTF_8, com.okhttplib.annotation.Encoding.GBK, com.okhttplib.annotation.Encoding.GBK18030}" />
    </annotation>
  </item>
  <item name="com.okhttplib.OkHttpUtil.Builder com.okhttplib.OkHttpUtil.Builder setResponseEncoding(java.lang.String) 0">
    <annotation name="android.support.annotation.StringDef">
      <val name="value" val="{com.okhttplib.annotation.Encoding.ISO_8859_1, com.okhttplib.annotation.Encoding.UTF_8, com.okhttplib.annotation.Encoding.GBK, com.okhttplib.annotation.Encoding.GBK18030}" />
    </annotation>
  </item>
  <item name="com.okhttplib.OkHttpUtil.Builder requestEncoding">
    <annotation name="android.support.annotation.StringDef">
      <val name="value" val="{com.okhttplib.annotation.Encoding.ISO_8859_1, com.okhttplib.annotation.Encoding.UTF_8, com.okhttplib.annotation.Encoding.GBK, com.okhttplib.annotation.Encoding.GBK18030}" />
    </annotation>
  </item>
  <item name="com.okhttplib.OkHttpUtil.Builder responseEncoding">
    <annotation name="android.support.annotation.StringDef">
      <val name="value" val="{com.okhttplib.annotation.Encoding.ISO_8859_1, com.okhttplib.annotation.Encoding.UTF_8, com.okhttplib.annotation.Encoding.GBK, com.okhttplib.annotation.Encoding.GBK18030}" />
    </annotation>
  </item>
</root>

