<?xml version="1.0" encoding="UTF-8"?>
<root>
  <item name="com.okhttplib.helper.BaseHelper cacheType">
    <annotation name="android.support.annotation.IntDef">
      <val name="value" val="{com.okhttplib.annotation.CacheType.FORCE_NETWORK, com.okhttplib.annotation.CacheType.FORCE_CACHE, com.okhttplib.annotation.CacheType.NETWORK_THEN_CACHE, com.okhttplib.annotation.CacheType.CACHE_THEN_NETWORK}" />
    </annotation>
  </item>
  <item name="com.okhttplib.helper.HelperInfo cacheType">
    <annotation name="android.support.annotation.IntDef">
      <val name="value" val="{com.okhttplib.annotation.CacheType.FORCE_NETWORK, com.okhttplib.annotation.CacheType.FORCE_CACHE, com.okhttplib.annotation.CacheType.NETWORK_THEN_CACHE, com.okhttplib.annotation.CacheType.CACHE_THEN_NETWORK}" />
    </annotation>
  </item>
  <item name="com.okhttplib.helper.HelperInfo int getCacheType()">
    <annotation name="android.support.annotation.IntDef">
      <val name="value" val="{com.okhttplib.annotation.CacheType.FORCE_NETWORK, com.okhttplib.annotation.CacheType.FORCE_CACHE, com.okhttplib.annotation.CacheType.NETWORK_THEN_CACHE, com.okhttplib.annotation.CacheType.CACHE_THEN_NETWORK}" />
    </annotation>
  </item>
  <item name="com.okhttplib.helper.HelperInfo java.lang.String getRequestEncoding()">
    <annotation name="android.support.annotation.StringDef">
      <val name="value" val="{com.okhttplib.annotation.Encoding.ISO_8859_1, com.okhttplib.annotation.Encoding.UTF_8, com.okhttplib.annotation.Encoding.GBK, com.okhttplib.annotation.Encoding.GBK18030}" />
    </annotation>
  </item>
  <item name="com.okhttplib.helper.HelperInfo java.lang.String getResponseEncoding()">
    <annotation name="android.support.annotation.StringDef">
      <val name="value" val="{com.okhttplib.annotation.Encoding.ISO_8859_1, com.okhttplib.annotation.Encoding.UTF_8, com.okhttplib.annotation.Encoding.GBK, com.okhttplib.annotation.Encoding.GBK18030}" />
    </annotation>
  </item>
  <item name="com.okhttplib.helper.HelperInfo requestEncoding">
    <annotation name="android.support.annotation.StringDef">
      <val name="value" val="{com.okhttplib.annotation.Encoding.ISO_8859_1, com.okhttplib.annotation.Encoding.UTF_8, com.okhttplib.annotation.Encoding.GBK, com.okhttplib.annotation.Encoding.GBK18030}" />
    </annotation>
  </item>
  <item name="com.okhttplib.helper.HelperInfo responseEncoding">
    <annotation name="android.support.annotation.StringDef">
      <val name="value" val="{com.okhttplib.annotation.Encoding.ISO_8859_1, com.okhttplib.annotation.Encoding.UTF_8, com.okhttplib.annotation.Encoding.GBK, com.okhttplib.annotation.Encoding.GBK18030}" />
    </annotation>
  </item>
  <item name="com.okhttplib.helper.HelperInfo void setCacheType(int) 0">
    <annotation name="android.support.annotation.IntDef">
      <val name="value" val="{com.okhttplib.annotation.CacheType.FORCE_NETWORK, com.okhttplib.annotation.CacheType.FORCE_CACHE, com.okhttplib.annotation.CacheType.NETWORK_THEN_CACHE, com.okhttplib.annotation.CacheType.CACHE_THEN_NETWORK}" />
    </annotation>
  </item>
  <item name="com.okhttplib.helper.HelperInfo void setRequestEncoding(java.lang.String) 0">
    <annotation name="android.support.annotation.StringDef">
      <val name="value" val="{com.okhttplib.annotation.Encoding.ISO_8859_1, com.okhttplib.annotation.Encoding.UTF_8, com.okhttplib.annotation.Encoding.GBK, com.okhttplib.annotation.Encoding.GBK18030}" />
    </annotation>
  </item>
  <item name="com.okhttplib.helper.HelperInfo void setResponseEncoding(java.lang.String) 0">
    <annotation name="android.support.annotation.StringDef">
      <val name="value" val="{com.okhttplib.annotation.Encoding.ISO_8859_1, com.okhttplib.annotation.Encoding.UTF_8, com.okhttplib.annotation.Encoding.GBK, com.okhttplib.annotation.Encoding.GBK18030}" />
    </annotation>
  </item>
  <item name="com.okhttplib.helper.HttpHelper okhttp3.Request buildRequest(com.okhttplib.HttpInfo, int, com.okhttplib.callback.ProgressCallback) 1">
    <annotation name="android.support.annotation.IntDef">
      <val name="value" val="{com.okhttplib.annotation.RequestType.POST, com.okhttplib.annotation.RequestType.GET, com.okhttplib.annotation.RequestType.PUT, com.okhttplib.annotation.RequestType.DELETE}" />
    </annotation>
  </item>
  <item name="com.okhttplib.helper.OkHttpHelper businessType">
    <annotation name="android.support.annotation.IntDef">
      <val name="value" val="{com.okhttplib.annotation.BusinessType.HttpOrHttps, com.okhttplib.annotation.BusinessType.UploadFile, com.okhttplib.annotation.BusinessType.DownloadFile}" />
    </annotation>
  </item>
  <item name="com.okhttplib.helper.OkHttpHelper int getRequestType()">
    <annotation name="android.support.annotation.IntDef">
      <val name="value" val="{com.okhttplib.annotation.RequestType.POST, com.okhttplib.annotation.RequestType.GET, com.okhttplib.annotation.RequestType.PUT, com.okhttplib.annotation.RequestType.DELETE}" />
    </annotation>
  </item>
  <item name="com.okhttplib.helper.OkHttpHelper requestEncoding">
    <annotation name="android.support.annotation.StringDef">
      <val name="value" val="{com.okhttplib.annotation.Encoding.ISO_8859_1, com.okhttplib.annotation.Encoding.UTF_8, com.okhttplib.annotation.Encoding.GBK, com.okhttplib.annotation.Encoding.GBK18030}" />
    </annotation>
  </item>
  <item name="com.okhttplib.helper.OkHttpHelper requestType">
    <annotation name="android.support.annotation.IntDef">
      <val name="value" val="{com.okhttplib.annotation.RequestType.POST, com.okhttplib.annotation.RequestType.GET, com.okhttplib.annotation.RequestType.PUT, com.okhttplib.annotation.RequestType.DELETE}" />
    </annotation>
  </item>
  <item name="com.okhttplib.helper.OkHttpHelper responseEncoding">
    <annotation name="android.support.annotation.StringDef">
      <val name="value" val="{com.okhttplib.annotation.Encoding.ISO_8859_1, com.okhttplib.annotation.Encoding.UTF_8, com.okhttplib.annotation.Encoding.GBK, com.okhttplib.annotation.Encoding.GBK18030}" />
    </annotation>
  </item>
  <item name="com.okhttplib.helper.OkHttpHelper.Builder businessType">
    <annotation name="android.support.annotation.IntDef">
      <val name="value" val="{com.okhttplib.annotation.BusinessType.HttpOrHttps, com.okhttplib.annotation.BusinessType.UploadFile, com.okhttplib.annotation.BusinessType.DownloadFile}" />
    </annotation>
  </item>
  <item name="com.okhttplib.helper.OkHttpHelper.Builder com.okhttplib.helper.OkHttpHelper.Builder requestType(int) 0">
    <annotation name="android.support.annotation.IntDef">
      <val name="value" val="{com.okhttplib.annotation.RequestType.POST, com.okhttplib.annotation.RequestType.GET, com.okhttplib.annotation.RequestType.PUT, com.okhttplib.annotation.RequestType.DELETE}" />
    </annotation>
  </item>
  <item name="com.okhttplib.helper.OkHttpHelper.Builder requestType">
    <annotation name="android.support.annotation.IntDef">
      <val name="value" val="{com.okhttplib.annotation.RequestType.POST, com.okhttplib.annotation.RequestType.GET, com.okhttplib.annotation.RequestType.PUT, com.okhttplib.annotation.RequestType.DELETE}" />
    </annotation>
  </item>
</root>

