<?xml version="1.0" encoding="UTF-8"?>
<root>
  <item name="com.okhttplib.annotation.BusinessType">
    <annotation name="android.support.annotation.IntDef">
      <val name="value" val="{com.okhttplib.annotation.BusinessType.HttpOrHttps, com.okhttplib.annotation.BusinessType.UploadFile, com.okhttplib.annotation.BusinessType.DownloadFile}" />
    </annotation>
  </item>
  <item name="com.okhttplib.annotation.CacheType">
    <annotation name="android.support.annotation.IntDef">
      <val name="value" val="{com.okhttplib.annotation.CacheType.FORCE_NETWORK, com.okhttplib.annotation.CacheType.FORCE_CACHE, com.okhttplib.annotation.CacheType.NETWORK_THEN_CACHE, com.okhttplib.annotation.CacheType.CACHE_THEN_NETWORK}" />
    </annotation>
  </item>
  <item name="com.okhttplib.annotation.ContentType">
    <annotation name="android.support.annotation.StringDef">
      <val name="value" val="{com.okhttplib.annotation.ContentType.FORM, com.okhttplib.annotation.ContentType.JSON, com.okhttplib.annotation.ContentType.STREAM, com.okhttplib.annotation.ContentType.MARKDOWN, com.okhttplib.annotation.ContentType.XML, com.okhttplib.annotation.ContentType.FORM_DATA}" />
    </annotation>
  </item>
  <item name="com.okhttplib.annotation.DownloadStatus">
    <annotation name="android.support.annotation.StringDef">
      <val name="value" val="{com.okhttplib.annotation.DownloadStatus.INIT, com.okhttplib.annotation.DownloadStatus.DOWNLOADING, com.okhttplib.annotation.DownloadStatus.PAUSE, com.okhttplib.annotation.DownloadStatus.COMPLETED}" />
    </annotation>
  </item>
  <item name="com.okhttplib.annotation.Encoding">
    <annotation name="android.support.annotation.StringDef">
      <val name="value" val="{com.okhttplib.annotation.Encoding.ISO_8859_1, com.okhttplib.annotation.Encoding.UTF_8, com.okhttplib.annotation.Encoding.GBK, com.okhttplib.annotation.Encoding.GBK18030}" />
    </annotation>
  </item>
  <item name="com.okhttplib.annotation.RequestType">
    <annotation name="android.support.annotation.IntDef">
      <val name="value" val="{com.okhttplib.annotation.RequestType.POST, com.okhttplib.annotation.RequestType.GET, com.okhttplib.annotation.RequestType.PUT, com.okhttplib.annotation.RequestType.DELETE}" />
    </annotation>
  </item>
</root>

